model,case,overrides,corner_radii_mm,slab_clipped,pokes,max_protrusion_mm,volume_mm3,watertight,solids,stl_bounds_mm
led_remote_holder_51x84mm,default,{},"[1, 1, 1, 1]",no,True,0.414214,38132.332749,True,1,"[[-28.350000381469727, 0.0, 0.0], [28.350000381469727, 87.30000305175781, 21.399999618530273]]"
led_remote_holder_51x84mm,remote_w-40.0,"{""remote_w"": 40.0}","[1, 1, 1, 1]",no,True,0.414214,35660.851018,True,1,"[[-22.850000381469727, 0.0, 0.0], [22.850000381469727, 87.30000305175781, 21.399999618530273]]"
led_remote_holder_51x84mm,remote_w-70.0,"{""remote_w"": 70.0}","[1, 1, 1, 1]",no,True,0.414214,47154.131990,True,1,"[[-37.849998474121094, 0.0, 0.0], [37.849998474121094, 87.30000305175781, 21.399999618530273]]"
led_remote_holder_51x84mm,remote_h-70.0,"{""remote_h"": 70.0}","[1, 1, 1, 1]",no,True,0.414214,32114.077534,True,1,"[[-28.350000381469727, 0.0, 0.0], [28.350000381469727, 73.30000305175781, 21.399999618530273]]"
led_remote_holder_51x84mm,remote_h-120.0,"{""remote_h"": 120.0}","[1, 1, 1, 1]",no,True,0.414214,39239.875366,True,1,"[[-28.350000381469727, 0.0, 0.0], [28.350000381469727, 90.0, 21.399999618530273]]"
led_remote_holder_51x84mm,side_clearance-0.2,"{""side_clearance"": 0.2}","[1, 1, 1, 1]",no,True,0.414214,37520.169709,True,1,"[[-28.100000381469727, 0.0, 0.0], [28.100000381469727, 86.80000305175781, 21.399999618530273]]"
led_remote_holder_51x84mm,side_clearance-1.0,"{""side_clearance"": 1.0}","[1, 1, 1, 1]",no,True,0.414214,39494.502543,True,1,"[[-28.899999618530273, 0.0, 0.0], [28.899999618530273, 88.4000015258789, 21.399999618530273]]"
led_remote_holder_51x84mm,wall-1.6,"{""wall"": 1.6}","[1, 1, 1, 1]",no,True,0.414214,34702.869948,True,1,"[[-27.549999237060547, 0.0, 0.0], [27.549999237060547, 86.5, 21.399999618530273]]"
led_remote_holder_51x84mm,wall-4.0,"{""wall"": 4.0}","[1, 1, 1, 1]",no,True,0.414214,45154.442706,True,1,"[[-29.950000762939453, 0.0, 0.0], [29.950000762939453, 88.9000015258789, 21.399999618530273]]"
led_remote_holder_51x84mm,plate_len_max-60.0,"{""plate_len_max"": 60.0}","[1, 1, 1, 1]",no,True,0.414214,26505.768288,True,1,"[[-28.350000381469727, 0.0, 0.0], [28.350000381469727, 60.0, 21.399999618530273]]"
led_remote_holder_51x84mm,plate_len_max-300.0,"{""plate_len_max"": 300.0}","[1, 1, 1, 1]",no,True,0.414214,38132.332749,True,1,"[[-28.350000381469727, 0.0, 0.0], [28.350000381469727, 87.30000305175781, 21.399999618530273]]"
led_remote_holder_51x84mm,plate_t-2.0,"{""plate_t"": 2.0}","[1, 1, 1, 1]",no,True,0.414214,33660.129676,True,1,"[[-28.350000381469727, 0.0, 0.0], [28.350000381469727, 87.30000305175781, 20.399999618530273]]"
led_remote_holder_51x84mm,plate_t-5.0,"{""plate_t"": 5.0}","[1, 1, 1, 1]",no,True,0.414214,46273.539298,True,1,"[[-28.350000381469727, 0.0, 0.0], [28.350000381469727, 87.30000305175781, 23.399999618530273]]"
led_remote_holder_51x84mm,narrow-tall,"{""plate_len_max"": 300.0, ""remote_h"": 120.0, ""remote_w"": 40.0, ""side_clearance"": 0.2, ""wall"": 1.6}","[1, 1, 1, 1]",no,True,0.414214,45046.506182,True,1,"[[-21.799999237060547, 0.0, 0.0], [21.799999237060547, 122.0, 21.399999618530273]]"
led_remote_holder_51x84mm,wide-short,"{""plate_len_max"": 60.0, ""remote_h"": 70.0, ""remote_w"": 70.0, ""side_clearance"": 1.0, ""wall"": 4.0}","[1, 1, 1, 1]",no,True,0.414214,38465.454809,True,1,"[[-40.0, 0.0, 0.0], [40.0, 60.0, 21.399999618530273]]"
led_remote_holder_55x124mm,default,{},"[1, 1, 1, 1]",no,True,0.414214,55040.523952,True,1,"[[-30.350000381469727, 0.0, 0.0], [30.350000381469727, 116.0, 22.099998474121094]]"
led_remote_holder_55x124mm,remote_w-40.0,"{""remote_w"": 40.0}","[1, 1, 1, 1]",no,True,0.414214,47725.250655,True,1,"[[-22.850000381469727, 0.0, 0.0], [22.850000381469727, 116.0, 22.099998474121094]]"
led_remote_holder_55x124mm,remote_w-70.0,"{""remote_w"": 70.0}","[1, 1, 1, 1]",no,True,0.414214,62355.794366,True,1,"[[-37.849998474121094, 0.0, 0.0], [37.849998474121094, 116.0, 22.099998474121094]]"
led_remote_holder_55x124mm,remote_h-70.0,"{""remote_h"": 70.0}","[1, 1, 1, 1]",no,True,0.414214,35124.545433,True,1,"[[-30.350000381469727, 0.0, 0.0], [30.350000381469727, 73.30000305175781, 22.099998474121094]]"
led_remote_holder_55x124mm,remote_h-160.0,"{""remote_h"": 160.0}","[1, 1, 1, 1]",no,True,0.414214,55040.523952,True,1,"[[-30.350000381469727, 0.0, 0.0], [30.350000381469727, 116.0, 22.099998474121094]]"
led_remote_holder_55x124mm,side_clearance-0.2,"{""side_clearance"": 0.2}","[1, 1, 1, 1]",no,True,0.414214,54499.704004,True,1,"[[-30.100000381469727, 0.0, 0.0], [30.100000381469727, 116.0, 22.099998474121094]]"
led_remote_holder_55x124mm,side_clearance-1.0,"{""side_clearance"": 1.0}","[1, 1, 1, 1]",no,True,0.414214,56230.331549,True,1,"[[-30.899999618530273, 0.0, 0.0], [30.899999618530273, 116.0, 22.099998474121094]]"
led_remote_holder_55x124mm,wall-1.6,"{""wall"": 1.6}","[1, 1, 1, 1]",no,True,0.414214,50757.581095,True,1,"[[-29.549999237060547, 0.0, 0.0], [29.549999237060547, 116.0, 22.099998474121094]]"
led_remote_holder_55x124mm,wall-4.0,"{""wall"": 4.0}","[1, 1, 1, 1]",no,True,0.414214,63606.416354,True,1,"[[-31.950000762939453, 0.0, 0.0], [31.950000762939453, 116.0, 22.099998474121094]]"
led_remote_holder_55x124mm,plate_len_max-60.0,"{""plate_len_max"": 60.0}","[1, 1, 1, 1]",no,True,0.414214,28987.428275,True,1,"[[-30.350000381469727, 0.0, 0.0], [30.350000381469727, 60.0, 22.099998474121094]]"
led_remote_holder_55x124mm,plate_len_max-300.0,"{""plate_len_max"": 300.0}","[1, 1, 1, 1]",no,True,0.414214,60384.612474,True,1,"[[-30.350000381469727, 0.0, 0.0], [30.350000381469727, 127.30000305175781, 22.099998474121094]]"
led_remote_holder_55x124mm,plate_t-2.0,"{""plate_t"": 2.0}","[1, 1, 1, 1]",no,True,0.414214,48588.210757,True,1,"[[-30.350000381469727, 0.0, 0.0], [30.350000381469727, 116.0, 21.099998474121094]]"
led_remote_holder_55x124mm,plate_t-5.0,"{""plate_t"": 5.0}","[1, 1, 1, 1]",no,True,0.414214,66945.750486,True,1,"[[-30.350000381469727, 0.0, 0.0], [30.350000381469727, 116.0, 24.099998474121094]]"
led_remote_holder_55x124mm,narrow-tall,"{""plate_len_max"": 300.0, ""remote_h"": 160.0, ""remote_w"": 40.0, ""side_clearance"": 0.2, ""wall"": 1.6}","[1, 1, 1, 1]",no,True,0.414214,60215.505376,True,1,"[[-21.799999237060547, 0.0, 0.0], [21.799999237060547, 162.0, 22.099998474121094]]"
led_remote_holder_55x124mm,wide-short,"{""plate_len_max"": 60.0, ""remote_h"": 70.0, ""remote_w"": 70.0, ""side_clearance"": 1.0, ""wall"": 4.0}","[1, 1, 1, 1]",no,True,0.414214,38849.965035,True,1,"[[-40.0, 0.0, 0.0], [40.0, 60.0, 22.099998474121094]]"
apple_tv_4th_gen_holder,default,{},"[1, 1, 1, 1]",no,True,0.414214,130280.008363,True,1,"[[-56.0, -50.099998474121094, 0.0], [56.0, 0.0, 112.0]]"
apple_tv_4th_gen_holder,device_w-60.0,"{""device_w"": 60.0}","[1, 1, 1, 1]",no,True,0.414214,294534.813674,True,1,"[[-56.0, -50.099998474121094, 0.0], [56.0, 0.0, 112.0]]"
apple_tv_4th_gen_holder,device_w-140.0,"{""device_w"": 140.0}","[1, 1, 1, 1]",no,True,0.414214,233822.587320,True,1,"[[-84.0, -50.099998474121094, 0.0], [84.0, 0.0, 112.0]]"
apple_tv_4th_gen_holder,device_h-60.0,"{""device_h"": 60.0}","[1, 1, 1, 1]",no,True,0.414214,113684.466923,True,1,"[[-56.0, -50.099998474121094, 0.0], [56.0, 0.0, 112.0]]"
apple_tv_4th_gen_holder,device_h-140.0,"{""device_h"": 140.0}","[1, 1, 1, 1]",no,True,0.414214,180961.345022,True,1,"[[-56.0, -50.099998474121094, 0.0], [56.0, 0.0, 168.0]]"
apple_tv_4th_gen_holder,fit_clearance-0.3,"{""fit_clearance"": 0.3}","[1, 1, 1, 1]",no,True,0.414214,134854.505825,True,1,"[[-56.0, -49.400001525878906, 0.0], [56.0, 0.0, 112.0]]"
apple_tv_4th_gen_holder,fit_clearance-3.0,"{""fit_clearance"": 3.0}","[1, 1, 1, 1]",no,True,0.414214,116785.519982,True,1,"[[-56.0, -52.099998474121094, 0.0], [56.0, 0.0, 112.0]]"
apple_tv_4th_gen_holder,shelf_t-2.5,"{""shelf_t"": 2.5}","[1, 1, 1, 1]",no,True,0.414214,128082.198122,True,1,"[[-56.0, -50.099998474121094, 0.0], [56.0, 0.0, 112.0]]"
apple_tv_4th_gen_holder,shelf_t-8.0,"{""shelf_t"": 8.0}","[1, 1, 1, 1]",no,True,0.414214,136140.835672,True,1,"[[-56.0, -50.099998474121094, 0.0], [56.0, 0.0, 112.0]]"
apple_tv_4th_gen_holder,width_units-1.0,"{""width_units"": 1.0}","[1, 1, 1, 1]",no,True,0.414214,130280.008363,True,1,"[[-56.0, -50.099998474121094, 0.0], [56.0, 0.0, 112.0]]"
apple_tv_4th_gen_holder,width_units-6.0,"{""width_units"": 6.0}","[1, 1, 1, 1]",no,True,0.414214,406623.372773,True,1,"[[-84.0, -50.099998474121094, 0.0], [84.0, 0.0, 112.0]]"
apple_tv_4th_gen_holder,height_units-1.0,"{""height_units"": 1.0}","[1, 1, 1, 1]",no,True,0.414214,130280.008363,True,1,"[[-56.0, -50.099998474121094, 0.0], [56.0, 0.0, 112.0]]"
apple_tv_4th_gen_holder,height_units-6.0,"{""height_units"": 6.0}","[1, 1, 1, 1]",no,True,0.414214,165582.576352,True,1,"[[-56.0, -50.099998474121094, 0.0], [56.0, 0.0, 168.0]]"
apple_tv_4th_gen_holder,plate_t-3.0,"{""plate_t"": 3.0}","[1, 1, 1, 1]",no,True,0.414214,130280.008363,True,1,"[[-56.0, -50.099998474121094, 0.0], [56.0, 0.0, 112.0]]"
apple_tv_4th_gen_holder,plate_t-6.0,"{""plate_t"": 6.0}","[1, 1, 1, 1]",no,True,0.414214,158014.218252,True,1,"[[-56.0, -53.099998474121094, 0.0], [56.0, 0.0, 112.0]]"
apple_tv_4th_gen_holder,aspect-1x6.0,"{""height_units"": 6.0, ""width_units"": 1}","[1, 1, 1, 1]",no,True,0.414214,165582.576352,True,1,"[[-56.0, -50.099998474121094, 0.0], [56.0, 0.0, 168.0]]"
apple_tv_4th_gen_holder,aspect-6x1,"{""height_units"": 1, ""width_units"": 6}","[1, 1, 1, 1]",no,True,0.414214,406623.372773,True,1,"[[-84.0, -50.099998474121094, 0.0], [84.0, 0.0, 112.0]]"
apple_tv_4th_gen_holder,aspect-6x6.0,"{""height_units"": 6.0, ""width_units"": 6}","[1, 1, 1, 1]",no,True,0.414214,461233.863315,True,1,"[[-84.0, -50.099998474121094, 0.0], [84.0, 0.0, 168.0]]"
ryobi_p2860_strap_saddle,default,{},"[8, 8, 8, 8]",no,True,3.313708,131523.657009,True,1,"[[-28.0, -42.0, 0.0], [28.0, 42.0, 104.0999984741211]]"
ego_powerhead_mount,default,{},"[2, 2, 2.0, 2.0]",no,True,0.828427,285954.207846,True,1,"[[0.0, 0.0, 1.9073486612342094e-07], [56.0, 112.0, 141.5]]"
ego_powerhead_mount,ext_fillet-1.0,"{""ext_fillet"": 1.0}","[2, 2, 1.0, 1.0]",no,True,0.828427,286001.946475,True,1,"[[0.0, 0.0, 1.9073486612342094e-07], [56.0, 112.0, 141.5]]"
ego_powerhead_mount,ext_fillet-3.0,"{""ext_fillet"": 3.0}","[2, 2, 3.0, 3.0]",no,True,1.242641,285878.295206,True,1,"[[0.0, 0.0, 1.9073486612342094e-07], [56.0, 112.0, 141.5]]"
ego_powerhead_mount,backer_thickness-5.5,"{""backer_thickness"": 5.5}","[2, 2, 2.0, 2.0]",no,True,0.828427,279682.208045,True,1,"[[0.0, 0.0, 1.9073486612342094e-07], [56.0, 112.0, 140.5]]"
ego_powerhead_mount,backer_thickness-8.0,"{""backer_thickness"": 8.0}","[2, 2, 2.0, 2.0]",no,True,0.828427,295362.207849,True,1,"[[0.0, 0.0, 1.9073486612342094e-07], [56.0, 112.0, 143.0]]"
ego_ea0820_edger_mount,default,{},"[2, 2, 2.0, 2.0]",no,True,0.828427,332275.537700,True,1,"[[0.0, 0.0, 1.9073486612342094e-07], [56.0, 140.0, 158.89999389648438]]"
ego_ea0820_edger_mount,ext_fillet-1.0,"{""ext_fillet"": 1.0}","[2, 2, 1.0, 1.0]",no,True,0.828427,332353.044634,True,1,"[[0.0, 0.0, 1.9073486612342094e-07], [56.0, 140.0, 158.89999389648438]]"
ego_ea0820_edger_mount,ext_fillet-3.0,"{""ext_fillet"": 3.0}","[2, 2, 3.0, 3.0]",no,True,1.242641,332151.983161,True,1,"[[0.0, 0.0, 1.9073486612342094e-07], [56.0, 140.0, 158.89999389648438]]"
ego_ea0820_edger_mount,backer_thickness-5.5,"{""backer_thickness"": 5.5}","[2, 2, 2.0, 2.0]",no,True,0.828427,324435.537997,True,1,"[[0.0, 0.0, 1.9073486612342094e-07], [56.0, 140.0, 157.89999389648438]]"
ego_ea0820_edger_mount,backer_thickness-8.0,"{""backer_thickness"": 8.0}","[2, 2, 2.0, 2.0]",no,True,0.828427,344035.537696,True,1,"[[0.0, 0.0, 1.9073486612342094e-07], [56.0, 140.0, 160.39999389648438]]"
ego_lb6500_blower_mount,default,{},"[0, 0, 0, 0]",no,False,0,347399.318663,True,1,"[[0.0, 0.0, 0.0], [138.5, 93.5, 166.5]]"
ego_lb6500_blower_mount,backer_thickness-5.5,"{""backer_thickness"": 5.5}","[0, 0, 0, 0]",no,False,0,335072.818638,True,1,"[[0.0, 0.0, 0.0], [138.5, 93.5, 165.5]]"
ego_lb6500_blower_mount,backer_thickness-8.0,"{""backer_thickness"": 8.0}","[0, 0, 0, 0]",no,False,0,365889.068663,True,1,"[[0.0, 0.0, 0.0], [138.5, 93.5, 168.0]]"
opengrid_bin,default,{},"[1, 1, 1, 1]",no,True,0.414214,48404.272331,True,1,"[[-28.0, 0.0, 0.0], [28.0, 56.0, 66.0999984741211]]"
opengrid_bin,width_units-1.0,"{""width_units"": 1.0}","[1, 1, 1, 1]",no,True,0.414214,30949.667840,True,1,"[[-14.0, 0.0, 0.0], [14.0, 56.0, 66.0999984741211]]"
opengrid_bin,width_units-6.0,"{""width_units"": 6.0}","[1, 1, 1, 1]",no,True,0.414214,118222.667059,True,1,"[[-84.0, 0.0, 0.0], [84.0, 56.0, 66.0999984741211]]"
opengrid_bin,height_units-1.0,"{""height_units"": 1.0}","[1, 1, 1, 1]",no,True,0.414214,29630.712517,True,1,"[[-28.0, 0.0, 0.0], [28.0, 28.0, 66.0999984741211]]"
opengrid_bin,height_units-4.0,"{""height_units"": 4.0}","[1, 1, 1, 1]",no,True,0.414214,85846.416450,True,1,"[[-28.0, 0.0, 0.0], [28.0, 112.0, 66.0999984741211]]"
opengrid_bin,plate_t-3.0,"{""plate_t"": 3.0}","[1, 1, 1, 1]",no,True,0.414214,45690.672492,True,1,"[[-28.0, 0.0, 0.0], [28.0, 56.0, 66.0999984741211]]"
opengrid_bin,plate_t-6.0,"{""plate_t"": 6.0}","[1, 1, 1, 1]",no,True,0.414214,53831.472007,True,1,"[[-28.0, 0.0, 0.0], [28.0, 56.0, 66.0999984741211]]"
opengrid_bin,aspect-1x4.0,"{""height_units"": 4.0, ""width_units"": 1}","[1, 1, 1, 1]",no,True,0.414214,57151.218676,True,1,"[[-14.0, 0.0, 0.0], [14.0, 112.0, 66.0999984741211]]"
opengrid_bin,aspect-6x1,"{""height_units"": 1, ""width_units"": 6}","[1, 1, 1, 1]",no,True,0.414214,76862.958002,True,1,"[[-84.0, 0.0, 0.0], [84.0, 28.0, 66.0999984741211]]"
opengrid_bin,aspect-6x4.0,"{""height_units"": 4.0, ""width_units"": 6}","[1, 1, 1, 1]",no,True,0.414214,200627.159239,True,1,"[[-84.0, 0.0, 0.0], [84.0, 112.0, 66.0999984741211]]"
opengrid_multiconnect_adapter,default,{},"[1, 1, 1, 1]",no,True,0.414214,9833.587752,True,1,"[[-14.0, 0.0, 0.0], [14.0, 28.0, 16.68000030517578]]"
opengrid_multiconnect_adapter,size-single,"{""size"": ""single""}","[1, 1, 1, 1]",no,True,0.414214,9833.587752,True,1,"[[-14.0, 0.0, 0.0], [14.0, 28.0, 16.68000030517578]]"
opengrid_multiconnect_adapter,size-double,"{""size"": ""double""}","[1, 1, 1, 1]",no,True,0.414214,19670.111063,True,1,"[[-28.0, 0.0, 0.0], [28.0, 28.0, 16.68000030517578]]"
opengrid_multiconnect_adapter,plate_t-3.0,"{""plate_t"": 3.0}","[1, 1, 1, 1]",no,True,0.414214,9050.451272,True,1,"[[-14.0, 0.0, 0.0], [14.0, 28.0, 15.680000305175781]]"
opengrid_multiconnect_adapter,plate_t-6.0,"{""plate_t"": 6.0}","[1, 1, 1, 1]",no,True,0.414214,11399.860851,True,1,"[[-14.0, 0.0, 0.0], [14.0, 28.0, 18.68000030517578]]"
littletikes_dream_machine_cartridge_holder,not applicable,{},N/A,N/A,N/A,N/A,,,,mount_type choices: opengrid|blank|openconnect
